"segment","user_count","avg_flight_cost","avg_hotel_cost","avg_discount_rate","avg_success_rate","avg_weekday_rate","avg_booking_rate","recommended_action"
"Business Traveller","1289","316.079062258641496441","737.7506620118955263","0.22349366433928109646","0.99526764934057408844","0.38048875096974398759","0.38087743219628401940","Priority boarding"
"Leisure Explorer","945","320.543141806290417426","918.6389206349206350","0.18717813051146384480","0.99894179894179894180","0.00000000000000000000","0.36410934744268077601","Seasonal promotions"
"Young Escaper","835","337.531181703260146422","827.84180139720558882240","0.35982035928143712575","0.91069860279441117764","0.18836327345309381238","0.24815339018931833303","Last-minute deal offers"
"Family","754","313.078934678539850962","901.3466567197170645","0.23121131741821396994","0.98740053050397877984","0.07018125552608311229","0.37363723441309648206","Extra baggage allowance"
"Bargain Seeker","544","374.148629370915032715","902.0712147671568630","0.73088235294117647059","0.79206495098039215686","0.09837622549019607843","0.33706272281639928699","Personalized discount alerts"
"Fresh Explorer","539","309.5596446093588951","848.88477891156462585046","0.32792207792207792208","0.91635745207173778602","0.15337043908472479901","0.18025149453720882292","Welcome voucher"
"Window Shopper","446","0.00000000000000000000","0.00000000000000000000","0.00000000000000000000","0.00000000000000000000","0.00000000000000000000","0.00000000000000000000","Wishlist feature with price alerts"
"Frequent Flyer","430","350.249323402085640511","658.1435431893687708","0.25108250276854928018","0.98034053156146179402","0.23001384274640088594","0.66375322997416020672","Loyalty program"